Book Name,Author,Price
Harry Potter Box Set: The Complete Collection (Children’s Paperback) (Set of  7 Volumes),J.K. Rowling,2629
New Simplified Physics : A Reference Book for Class 12 Examination 2020-2021 (Set of 2 Volumes),unknown,995
My First Learning Library Box Set: 20 Board Books Gift Set for Kids (Horizontal Design),unknown,899
41 Years' Chapterwise/Topicwise Solved Papers IIT JEE Combo: Physics+Chemistry+Mathematics (Set of 3 Books),unknown,749
"Physics Part 1 & 2, Chemistry Part -1 & 2 And Mathematics Textbook For Class - 11 ( Set Of 5 Books Ccombo )",unknown,724
How to Prepare for Quantitative Aptitude for the CAT,Arun Sharma,714
"NCERT Physics Textbook Part - 1 And 2 , Chemistry Textbook Part - 1 And 2 , Biology Textbook For Class - 11 ( Set Of 5 Books Combo )",unknown,699
Indian Polity - For Civil Services and Other State Examinations | 6th Edition,M. Laxmikanth,683
A Modern Approach to Verbal & Non-Verbal Reasoning (2 Colour Edition),R.S. Aggarwal,658
Pathfinder NDA/NA National Defence Academy & Naval Academy Entrance Examination 2020,unknown,657
The Intelligent Investor (English) Paperback – 2013,Benjamin Graham,650
NCERT textbooks class 12th physics part 1&2 chemistry part 1&2 and biology combo 2019 edition (pack of 5 books),unknown,640
T.S. Grewal's Double Entry Book Keeping : Financial Accounting Textbook for CBSE 11 (Examination 2020-2021),unknown,629
Quantitative Aptitude for Competitive Examinations,R S Aggarwal,619
Indian Art and Culture for Civil Services and other Competitive Examinations,unknown,617
Atomic Habits: The life-changing million copy bestseller,James Clear,615
My First Library Pack 2: Boxset of 10 Board Books For Kids,unknown,596
Bharat Ki Rajvyavastha - Civil Seva Evam Anya Rajya Parikshao Hetu | 6th Edition,M. Laxmikanth,576
The Ride of a Lifetime: Lessons in Creative Leadership from the CEO of the Walt Disney Company: Lessons in Creative Leadership from 15 Years as CEO of the Walt Disney Company,Robert Iger,560
"Phonics & Vocabulary: Pre Kindergarten Workbook (Little Genius Series): Learn Pronunciation of Short & Long Vowels, Consonants and Build Vocabulary (3-5 years)",unknown,499
"Numbers & Logic: Pre Kindergarten Workbook (Little Genius Series): Teaches Numbers, Counting, Simple Addition, Comparing Quantities, Shapes and Patterns Activities to Pre-Schooler (3-5 years)",flipClass,499
"Indian Economy for Civil Services, Universities and Other Examinations (11th edition)",unknown,489
Baby Touch: Snuggle Cloth Book,Ladybird,450
Mathematics for Class 10 by R D Sharma (Examination 2020-2021),unknown,450
Mathematics for Class 9 by R D Sharma (Examination 2020-2021),unknown,445
"Thinking, Fast and Slow (Penguin Press Non-Fiction)",Daniel Kahneman,433
Concept of Physics Part-1 (2019-2020 Session) by H.C Verma,H.C. Verma,430
Concept of Physics Part-2 (2019-2020 Session) by H.C Verma,H.C. Verma,420
Sapiens: A Brief History of Humankind,Yuval Noah Harari,420
A Brief History of Modern India (2019-2020 Edition) by  Spectrum Books,unknown,415
The 7 Habits of Highly Effective People,unknown,400
World’s Greatest Books For Personal Growth & Wealth (Set of 4 Books): Perfect Motivational Gift Set,unknown,399
The Immortals of Meluha (Shiva Trilogy),unknown,399
Ikigai: The Japanese secret to a long and happy life,Héctor García,399
"UKG Kids ACE All-in-One Early learning Worksheets for Kindergarten, Nursery Kids, Toddlers, Pre Schoolers 272 pages (KG 2) and Montessori (4-6 yrs) (English, Mathematics, General Knowledge / EVS & Fun Colouring Combo) loose leaf workbook from 3H Learning-2018",unknown,391
Wren & Martin High School English Grammar and Composition Book (Regular Edition),Rao N,371
The Vault of Vishnu,Ashwin Sanghi,365
25 Years UPSC IAS/ IPS Prelims Topic-wise Solved Papers 1 & 2 (1995-2019),Disha Experts,359
To Kill A Mockingbird: 50th Anniversary Edition,Harper Lee,349
Rich Dad Poor Dad : What The Rich Teach Their Kids About Money That the Poor and Middle Class Do Not!,Robert T. Kiyosaki,349
Harry Potter and the Philosopher's Stone,J.K. Rowling,348
Wings of Fire: An Autobiography of Abdul Kalam,unknown,325
The Alchemist,Paulo Coelho,299
Certificate Physical And Human Geography; Indian Edition,unknown,291
Environment By Shankar (7th) Revised Edition (2019-2020 Session),unknown,285
Challenges to Internal Security of India (Third Edition),unknown,282
Inner Engineering: A Yogi’s Guide to Joy,Sadhguru,263
Death; An Inside Story: A book for all those who shall die,Sadhguru,263
Bhagvad gita as it is english new edition,unknown,263
Man's Search For Meaning: The classic tribute to hope from the Holocaust,Viktor E Frankl,263
Picture Books Collection for Early Learning (Set of 12),unknown,250
Deep Work: Rules for Focused Success in a Distracted World,Cal Newport,250
"The 5 AM Club: Own Your Morning, Elevate Your Life",Robin Sharma,247
Grandma's Bag of Stories,unknown,238
GIKSO Maths Activity Book – 1 for Kids Age 3-5 Years Old (English),unknown,235
Life's Amazing Secrets: How to Find Balance and Purpose in Your Life,Gaur Gopal Das,232
Objective General English,S.P. Bakshi,225
The Rudest Book Ever,Shwetabh Gangwar,223
Peppa Pig: Little Library (3 to 6 years),unknown,220
7 Years UPSC IAS/ IPS Mains General Studies Papers 1 - 4 Year-wise Solved (2013 - 2019),Disha Experts,219
Oxford Student Atlas for India - Third Edition,unknown,217
Refreshing Mandala - Colouring Book for Adults Book 1,unknown,210
The Silent Patient,Alex Michaelides,206
Attitude Is Everything: Change Your Attitude ... Change Your Life!,Jeff Keller,199
Rich Dad Poor Dad - 20th Anniversary Edition,Robert T. Kiyosaki,197
Bhagavad Gita: Yatharoop (Hindi),unknown,190
General Knowledge,unknown,175
The Diary of a Young Girl,Anne Frank,174
The Monk Who Sold His Ferrari,Robin Sharma,170
101 Bedtime Stories,Dreamland Publications,165
101 Animals Stories,Dreamland Publications,165
Who Will Cry When You Die?,Robin Sharma,156
Science Textbook for Class - 9  - 964,unknown,150
"Blossom Jumbo Creative Colouring Book | 6 to 8 years old Children | Best Gift to Children for Painting, Coloring and Drawing with Colour Reference Guide | A3 Size | Level 3",unknown,150
"Blossom Jumbo Creative Colouring Book for Kids | 5 to 7 years old | Best Gift to Children for Drawing, Coloring and Painting with Colour Reference Guide | A3 Size | Level 2",unknown,150
Word Power Made Easy,Norman Lewis,145
Apke Avchetan Man Ki Shakti (The Power of your Subconscious Mind in Hindi),Joseph Murphy,129
Great Stories for Children,Ruskin Bond,127
Think and Grow Rich,Napoleon Hill,125
Think & Grow Rich,Napoleon Hill,119
How to Win Friends and Influence People,Dale Carnegie,119
Mahatma Gandhi Autobiography: The Story Of My Experiments With Truth,unknown,119
The Power of your Subconscious Mind,Joseph Murphy,119
My First Book of Patterns Pencil Control: Patterns Practice book for kids (Pattern Writing),unknown,119
The Great Gatsby,F. Scott Fitzgerald,99
The Prophet,Kahlil Gibran,99
Pride & Prejudice,Jane Austen,99
Wuthering Heights,Emily Brontë,99
Lines and Curves (Pattern Writing) - Part 1,unknown,80
The Blue Umbrella,Ruskin Bond,76
The Richest Man in Babylon,George S. Clason,74
Colour with Crayons Part - 1,unknown,70
World Map,unknown,60
Lovely Board Books - ABC,unknown,60
General Knowledge 2021,Manohar Pandey,26
101 Panchatantra Stories,Dreamland Publications,0
1001 Activities Book,unknown,0
"My First Super Pack of Pencil Control and Patterns: A set of 4 interactive activity books to practice Patterns, Numbers and Alphabet",unknown,0
"Writing Practice A Set Of 4 Books (Writing Fun Pack): Write And Practice Capital Letters, Small Letters, Patterns and Numbers 1 to 10",unknown,0
My First Library: Boxset of 10 Board Books for Kids,unknown,0
